{"cameraMode":{"drawMode":0,"name":"Shaded","section":"Shading Mode"},"sceneLighting":false,"audioPlay":false,"sceneViewState":{"showFog":true,"showMaterialUpdate":false,"showSkybox":false,"showFlares":true,"showImageEffects":true,"showParticleSystems":true},"in2DMode":false,"pivot":{"x":2.487107276916504,"y":2.6743242740631105,"z":-4.110668182373047},"rotation":{"x":-0.02016371488571167,"y":0.9632516503334045,"z":-0.07558663189411164,"w":-0.25696682929992678},"size":1.2247449159622193,"orthographic":false}